{
  "extends": ["tslint-ionic-rules/strict"],
  "linterOptions": {
    "exclude": [
      "**/*.spec.ts",
      "**/*.spec.tsx"
    ]
  },
  "rules": {
    "no-conditional-assignment": false,
    "no-non-null-assertion": false,
    "no-unnecessary-type-assertion": false,
    "no-import-side-effect": false,
    "trailing-comma": false,
    "no-null-keyword": false,
    "no-console": false,
    "no-unbound-method": true,
    "no-floating-promises": false,
    "no-invalid-template-strings": true,
    "ban-export-const-enum": true,

    "prefer-for-of": false
  }
}
