<?xml version="1.0" encoding="UTF-8"?>
<!DOCTYPE mapper PUBLIC "-//mybatis.org//DTD Mapper 3.0//EN" "http://mybatis.org/dtd/mybatis-3-mapper.dtd">

<mapper namespace="com.hxy.activiti.dao.ActExtendDao">
	<!--根据流程key 获取业务可用的流程-->
	<select id="queryFlowsByActKey" resultType="java.util.Map">
		select
			id_ defid,
			name_ name,
			deployment_Id_ deploymentId,
			description_ description
		from act_re_procdef
		where deployment_Id_ IN (
			SELECT
				deployment_Id_
			FROM
				act_re_model
			WHERE
				key_ = #{actKey}
		)
	</select>
	<!--根据节点id分页查询可以选择的审批人-->
	<select id="userWindowPage" resultType="com.hxy.sys.entity.UserEntity">
		SELECT
			DISTINCT user_name,u.id,
			(SELECT name FROM sys_organ o WHERE o.id=u.bapid) AS bapName,
			(SELECT name FROM sys_organ o WHERE o.id=u.baid) AS baName
		FROM sys_user u,
			(select user_type,nu.id as nodeUserId,ns.node_type  FROM extend_act_nodeuser nu,extend_act_nodeset ns WHERE ns.node_id=nu.node_id AND nu.node_id =#{nodeId}) nodeuser
		WHERE (
				(user_type ='1' AND nodeUserId = u.id)
				or (user_type = '2' AND u.id IN (SELECT user_id FROM sys_user_role ur WHERE ur.role_id=nodeUserId))
				or (user_type='3' AND u.baid = nodeUserId)
			  )
			  <if test="userName != null and userName != '' ">
				  AND user_name LIKE concat('%',#{userName},'%')
			  </if>
	</select>

	<!--转办变更人选择-->
	<select id="turnWindowList" resultType="com.hxy.sys.entity.UserEntity">
		SELECT
		user_name,id,
		(SELECT name FROM sys_organ o WHERE o.id=u.bapid) AS bapName,
		(SELECT name FROM sys_organ o WHERE o.id=u.baid) AS baName
		FROM sys_user u
		WHERE 1=1
		  <if test="userName != null and userName != '' ">
			  AND user_name LIKE concat('%',#{userName},'%')
		  </if>
	</select>

	<!--流程根据业务id查询业务信息-->
	<select id="queryBusiByBusId" resultType="java.util.Map">
		select *
		from ${tableName}
		where ${pkName} =#{id}
	</select>

	<!--更新当前操作流程的业务表信息-->
	<update id="updateBusInfo" parameterType="java.util.Map">
		update ${tableName}
		<set>
			<if test="instanceId != null">instance_id= #{instanceId}, </if>
			<if test="defid != null">defid= #{defid}, </if>
			<if test="startUserId!= null">start_user_id= #{startUserId}, </if>
			<if test="code != null">code= #{code}, </if>
			<if test="updateTime != null">update_time= #{updateTime}, </if>
			<if test="updateId != null">update_id= #{updateId}, </if>
			<if test="startTime != null">start_time= #{startTime}, </if>
			<if test="status != null">status = #{status}, </if>
			<if test="actResult != null">act_result = #{actResult}, </if>
		</set>
		where  ${pkName} =#{id}
	</update>

	<!--更新当前操作流程的业务表在审批过程中可更改的信息-->
	<update id="updateChangeBusInfo" parameterType="java.util.Map">
		update ${tableName}
		<set>
			<foreach collection="fields" index="key" item="filed" separator=",">
				${filed.fieldName} = #{filed.fieldValue}
			</foreach>
			<if test="instanceId != null">instance_id= #{instanceId}, </if>
		</set>
		where  ${pkName} =#{id}
	</update>

	<!--我的待办列表-->
	<select id="findMyUpcomingPage" resultType="com.hxy.activiti.dto.ProcessTaskDto">
		select  a.name_ AS taskName,a.CREATE_TIME_ AS createTime, a.id_ AS taskId,  a.proc_inst_id_ AS instanceId,fb.defid AS defId,
			fb.code,fb.act_key AS actKey,fb.bus_id AS busId,
			(SELECT name FROM extend_act_business ab WHERE fb.act_key=ab.act_key ) AS busName,
			(SELECT user_name FROM sys_user u WHERE u.id =fb.start_user_Id)AS startUserName,
			(SELECT user_name FROM sys_user u WHERE u.id =a.ASSIGNEE_ ) AS dealName,
			(SELECT node_type FROM extend_act_nodeset ns WHERE ns.defid=fb.defid) AS nodeType
		FROM extend_act_flowbus fb,act_ru_task a
		WHERE a.proc_inst_id_= fb.instance_id
		<if test="dealId != null and dealId != '' ">
			AND ASSIGNEE_ = #{dealId}
		</if>
		<if test="code != null and code != '' ">
			AND fb.code LIKE concat('%',#{code},'%')
		</if>
		<if test="busId != null and busId != '' ">
			AND fb.bus_id = #{busId}
		</if>
		ORDER BY a.CREATE_TIME_ DESC
	</select>

	<!--我的已办列表-->
	<select id="findMyDoneList" resultType="com.hxy.activiti.dto.ProcessTaskDto">
		select  a.create_time,a.deal_time,a.bus_id AS busId,a.def_id AS defId,a.instance_id AS instanceId,a.task_id AS taskId,
		a.task_name AS taskName,a.app_opinion AS remark,fb.code,fb.status AS status,fb.act_key,
		(SELECT name FROM extend_act_business ab WHERE fb.act_key=ab.act_key ) AS busName,
		(SELECT user_name FROM sys_user u WHERE u.id =fb.start_user_Id)AS startUserName,
		(SELECT user_name FROM sys_user u WHERE u.id =a.deal_id ) AS dealName,
		(SELECT user_name FROM sys_user u WHERE u.id =a.advance_id ) AS advanceName,
		(SELECT node_type FROM extend_act_nodeset ns WHERE ns.defid=fb.defid) AS nodeType
		FROM extend_act_flowbus fb,extend_act_tasklog a
		WHERE a.instance_id= fb.instance_id
		<if test="dealId != null and dealId != '' ">
			AND a.deal_id = #{dealId}
		</if>
		<if test="code != null and code != '' ">
			AND fb.code LIKE concat('%',#{code},'%')
		</if>
		<if test="busId != null and busId != '' ">
			AND fb.bus_id = #{busId}
		</if>
		ORDER BY a.deal_time DESC
	</select>

</mapper>