<?xml version="1.0" encoding="UTF-8"?>
<!--

    Licensed to Jasig under one or more contributor license
    agreements. See the NOTICE file distributed with this work
    for additional information regarding copyright ownership.
    Jasig licenses this file to you under the Apache License,
    Version 2.0 (the "License"); you may not use this file
    except in compliance with the License.  You may obtain a
    copy of the License at the following location:

      http://www.apache.org/licenses/LICENSE-2.0

    Unless required by applicable law or agreed to in writing,
    software distributed under the License is distributed on an
    "AS IS" BASIS, WITHOUT WARRANTIES OR CONDITIONS OF ANY
    KIND, either express or implied.  See the License for the
    specific language governing permissions and limitations
    under the License.

-->
<beans
  xmlns="http://www.springframework.org/schema/beans"
  xmlns:xsi="http://www.w3.org/2001/XMLSchema-instance"
  xmlns:context="http://www.springframework.org/schema/context"
  xmlns:p="http://www.springframework.org/schema/p"
  xmlns:util="http://www.springframework.org/schema/util"
  xsi:schemaLocation="http://www.springframework.org/schema/beans   
					  http://www.springframework.org/schema/beans/spring-beans.xsd
					  http://www.springframework.org/schema/context 
					  http://www.springframework.org/schema/context/spring-context.xsd
                      http://www.springframework.org/schema/util
                      http://www.springframework.org/schema/util/spring-util.xsd">

	<context:annotation-config/>
	
	<bean id="root" class="org.restlet.ext.spring.SpringRouter" p:attachments-ref="attachmentsMap" />
	
    <util:map id="attachmentsMap">
        <entry key="/tickets">
            <bean class="org.restlet.ext.spring.SpringFinder">
                <lookup-method name="create" bean="ticketResource" />
            </bean>
        </entry>
        <entry key="/tickets/{ticketGrantingTicketId}">
            <bean class="org.restlet.ext.spring.SpringFinder">
                <lookup-method name="create" bean="ticketGrantingTicketResource" />
            </bean>
        </entry>
    </util:map>
            
	<bean id="ticketResource" class="org.jasig.cas.integration.restlet.TicketResource" scope="prototype" />
	
	<bean id="ticketGrantingTicketResource" class="org.jasig.cas.integration.restlet.TicketGrantingTicketResource" scope="prototype" />
	
</beans>
