<?xml version="1.0" encoding="UTF-8"?>
<beans xmlns="http://www.springframework.org/schema/beans"
       xmlns:util="http://www.springframework.org/schema/util"
       xmlns:xsi="http://www.w3.org/2001/XMLSchema-instance"
       xsi:schemaLocation="
       http://www.springframework.org/schema/beans http://www.springframework.org/schema/beans/spring-beans.xsd
       http://www.springframework.org/schema/util http://www.springframework.org/schema/util/spring-util.xsd">

	<!-- 下面的配置用于单点退出，该过滤器用于实现单点登出功能，需要添加到web.xml。同时更新spring-beans.xml末尾更新import-->
	<!--
	<listener>
	    <listener-class>org.jasig.cas.client.session.SingleSignOutHttpSessionListener</listener-class>
	</listener>
	<filter>
	    <filter-name>CAS Single Sign Out Filter</filter-name>
	    <filter-class>org.jasig.cas.client.session.SingleSignOutFilter</filter-class>
	</filter>
	<filter-mapping>
	    <filter-name>CAS Single Sign Out Filter</filter-name>
	    <url-pattern>/*</url-pattern>
	</filter-mapping>
	-->
	
    <!-- 缓存管理器 使用Ehcache实现 -->
    <bean id="cacheManager" class="org.apache.shiro.cache.ehcache.EhCacheManager">
        <property name="cacheManagerConfigFile" value="classpath:ehcache.xml"/>
    </bean>

    <!-- 凭证匹配器 -->
    <bean id="credentialsMatcher" class="com.github.zhangkaitao.shiro.chapter15.credentials.RetryLimitHashedCredentialsMatcher">
        <constructor-arg ref="cacheManager"/>
        <property name="hashAlgorithmName" value="md5"/>
        <property name="hashIterations" value="2"/>
        <property name="storedCredentialsHexEncoded" value="true"/>
    </bean>


    <bean id="casRealm" class="com.github.zhangkaitao.shiro.chapter15.realm.MyCasRealm">
        <property name="userService" ref="userService"/>
        <property name="cachingEnabled" value="true"/>
        <property name="authenticationCachingEnabled" value="true"/>
        <property name="authenticationCacheName" value="authenticationCache"/>
        <property name="authorizationCachingEnabled" value="true"/>
        <property name="authorizationCacheName" value="authorizationCache"/>
        <!--该地址为cas server地址 -->
        <property name="casServerUrlPrefix" value="${shiro.casServer.url}"/>
       <!-- 该地址为是当前应用 CAS 服务 URL，即用于接收并处理登录成功后的 Ticket 的，
	    必须和loginUrl中的service参数保持一致，否则服务器会判断service不匹配-->  
        <property name="casService" value="${shiro.client.cas}"/>
    </bean>

    <!--<bean id="casRealm" class="org.apache.shiro.cas.CasRealm">-->
        <!--<property name="cachingEnabled" value="true"/>-->
        <!--<property name="authenticationCachingEnabled" value="true"/>-->
        <!--<property name="authenticationCacheName" value="authenticationCache"/>-->
        <!--<property name="authorizationCachingEnabled" value="true"/>-->
        <!--<property name="authorizationCacheName" value="authorizationCache"/>-->
        <!--<property name="defaultRoles" value="admin,user"/>-->
        <!--<property name="defaultPermissions" value="user:create,user:update"/>-->
        <!--<property name="roleAttributeNames" value="roles"/>-->
        <!--<property name="permissionAttributeNames" value="permissions"/>-->
        <!--<property name="casServerUrlPrefix" value="https://localhost:8443/chapter14-server"/>-->
        <!--<property name="casService" value="https://localhost:9443/chapter14-client/cas"/>-->
    <!--</bean>-->

    <!-- 会话ID生成器 -->
    <bean id="sessionIdGenerator" class="org.apache.shiro.session.mgt.eis.JavaUuidSessionIdGenerator"/>

    <bean id="rememberMeCookie" class="org.apache.shiro.web.servlet.SimpleCookie">
        <constructor-arg value="rememberMe"/>
        <property name="httpOnly" value="true"/>
        <property name="maxAge" value="2592000"/><!-- 30天 -->
    </bean>

    <!-- rememberMe管理器 -->
    <bean id="rememberMeManager" class="org.apache.shiro.web.mgt.CookieRememberMeManager">
        <!-- rememberMe cookie加密的密钥 建议每个项目都不一样 默认AES算法 密钥长度（128 256 512 位）-->
        <property name="cipherKey"
                  value="#{T(org.apache.shiro.codec.Base64).decode('4AvVhmFLUs0KTA3Kprsdag==')}"/>
        <property name="cookie" ref="rememberMeCookie"/>
    </bean>

    <!-- 会话管理器默认使用SessionsSecurityManager -->

	<!-- In CAS server, you can have "remember me" support. This information is pushed through SAML validation or CAS customized validation.
	To reflect the CAS-remember me status in Shiro, you have to define a specific CasSubjectFactory in your Shiro configuration
	-->
    <bean id="casSubjectFactory" class="org.apache.shiro.cas.CasSubjectFactory"/>
    <!-- 安全管理器 -->
    <bean id="securityManager" class="org.apache.shiro.web.mgt.DefaultWebSecurityManager">
        <property name="realm" ref="casRealm"/>
        <property name="cacheManager" ref="cacheManager"/>
        <property name="rememberMeManager" ref="rememberMeManager"/>
        <property name="subjectFactory" ref="casSubjectFactory"/>
    </bean>

    <!-- 相当于调用SecurityUtils.setSecurityManager(securityManager) -->
    <bean class="org.springframework.beans.factory.config.MethodInvokingFactoryBean">
        <property name="staticMethod" value="org.apache.shiro.SecurityUtils.setSecurityManager"/>
        <property name="arguments" ref="securityManager"/>
    </bean>

    <bean id="casFilter" class="org.apache.shiro.cas.CasFilter">
        <!--配置验证错误时的失败页面（Ticket 校验不通过时展示的错误页面） -->
        <property name="failureUrl" value="${shiro.failureUrl}"/>
    </bean>
	<bean id="logoutFilter" class="org.apache.shiro.web.filter.authc.LogoutFilter">
	    <property name="redirectUrl" value="${shiro.logout.url}"/>
	</bean>
	
    <!-- Shiro的Web过滤器 -->
    <bean id="shiroFilter" class="org.apache.shiro.spring.web.ShiroFilterFactoryBean">
        <property name="securityManager" ref="securityManager"/>
        <property name="loginUrl" value="${shiro.login.url}"/>
        <property name="successUrl" value="${shiro.login.success.url}"/>
        <property name="filters">
            <util:map>
                <entry key="cas" value-ref="casFilter"/>
                <entry key="logout" value-ref="logoutFilter" />
            </util:map>
        </property>
        <property name="filterChainDefinitions">
            <value>
                /casFailure.jsp = anon
                /cas = cas
                /logout = logout
                /** = user
            </value>
        </property>
    </bean>

    <!-- Shiro生命周期处理器-->
    <bean id="lifecycleBeanPostProcessor" class="org.apache.shiro.spring.LifecycleBeanPostProcessor"/>

</beans>