<?xml version="1.0" encoding="UTF-8"?>
<beans xmlns="http://www.springframework.org/schema/beans"
       xmlns:xsi="http://www.w3.org/2001/XMLSchema-instance"
       xmlns:context="http://www.springframework.org/schema/context"
       xsi:schemaLocation="http://www.springframework.org/schema/beans
        http://www.springframework.org/schema/beans/spring-beans.xsd
        http://www.springframework.org/schema/context
        http://www.springframework.org/schema/context/spring-context.xsd">

    <context:property-placeholder location="classpath:resources.properties"/>
	
    <!-- 数据库连接池 -->
    <bean id="dataSource" class="com.alibaba.druid.pool.DruidDataSource">
        <property name="driverClassName" value="${dataSource.driver}"></property>  
        <property name="url" value="${dataSource.url}"/>  
        <property name="username" value="${dataSource.username}"/>
        <property name="password" value="${dataSource.password}"/>
    </bean>

    <!-- Base DAO -->
    <bean id="baseDao" abstract="true">
        <property name="dataSource" ref="dataSource"/>
    </bean>

    <!-- DAO -->
    <bean id="permissionDao" class="com.github.zhangkaitao.shiro.chapter15.dao.PermissionDaoImpl" parent="baseDao"/>
    <bean id="roleDao" class="com.github.zhangkaitao.shiro.chapter15.dao.RoleDaoImpl" parent="baseDao"/>
    <bean id="userDao" class="com.github.zhangkaitao.shiro.chapter15.dao.UserDaoImpl" parent="baseDao"/>

    <!-- Service -->
    <bean id="permissionService" class="com.github.zhangkaitao.shiro.chapter15.service.PermissionServiceImpl">
        <property name="permissionDao" ref="permissionDao"/>
    </bean>

    <bean id="roleService" class="com.github.zhangkaitao.shiro.chapter15.service.RoleServiceImpl">
        <property name="roleDao" ref="roleDao"/>
    </bean>

    <bean id="passwordHelper" class="com.github.zhangkaitao.shiro.chapter15.service.PasswordHelper">
        <property name="algorithmName" value="md5"/>
        <property name="hashIterations" value="2"/>
    </bean>

    <bean id="userService" class="com.github.zhangkaitao.shiro.chapter15.service.UserServiceImpl">
        <property name="userDao" ref="userDao"/>
        <property name="passwordHelper" ref="passwordHelper"/>
    </bean>
	
    <import resource="classpath:spring-shiro-web.xml"/>

</beans>