<?xml version="1.0" encoding="UTF-8"?>
<beans xmlns="http://www.springframework.org/schema/beans"
	xmlns:xsi="http://www.w3.org/2001/XMLSchema-instance"
	xmlns:tx="http://www.springframework.org/schema/tx"
	xmlns:context="http://www.springframework.org/schema/context"
	xsi:schemaLocation="http://www.springframework.org/schema/beans 
						http://www.springframework.org/schema/beans/spring-beans-3.2.xsd 
						http://www.springframework.org/schema/tx   
						http://www.springframework.org/schema/tx/spring-tx-3.2.xsd
						http://www.springframework.org/schema/context
						http://www.springframework.org/schema/context/spring-context-3.2.xsd">
	<bean id="dataSource" class="com.alibaba.druid.pool.DruidDataSource" init-method="init" destroy-method="close">
		<property name="url" value="${jdbc.url}"/>
		<property name="username" value="${jdbc.username}"/>
		<property name="password" value="${jdbc.password}"/>
		<!-- 配置初始化大小、最小、最大 -->
		<property name="initialSize" value="1"/>
		<property name="minIdle" value="1"/>
		<property name="maxActive" value="20"/>
		<!-- 配置获取连接等待超时的时间 -->
		<property name="maxWait" value="60000"/>
		<!-- 配置间隔多久才进行一次检测,检测需要关闭的空闲连接,单位是毫秒 -->
		<property name="timeBetweenEvictionRunsMillis" value="60000"/>
		<!-- 配置一个连接在池中最小生存的时间,单位是毫秒 -->
		<property name="minEvictableIdleTimeMillis" value="300000"/>
		<property name="validationQuery" value="SELECT 'x'"/>
		<property name="testWhileIdle" value="true"/>
		<property name="testOnBorrow" value="false"/>
		<property name="testOnReturn" value="false"/>
		<!-- 打开PSCache,并且指定每个连接上PSCache的大小 -->
		<!-- PSCache(preparedStatement)对支持游标的数据库性能提升巨大,比如说Oracle/DB2/SQL Server,在mysql下建议关闭 -->
		<property name="poolPreparedStatements" value="false"/>
		<property name="maxPoolPreparedStatementPerConnectionSize" value="-1"/>
		<!-- 配置监控统计拦截的filters -->
		<property name="filters" value="wall,mergeStat"/>
	</bean>
	<bean id="txManager" class="org.springframework.jdbc.datasource.DataSourceTransactionManager">
		<property name="dataSource" ref="dataSource"/>
	</bean>
	<tx:annotation-driven transaction-manager="txManager"/>
	
	<context:component-scan base-package="org.jasig.cas"/>
</beans>