<?xml version="1.0" encoding="UTF-8"?>
<!--

    Licensed to Jasig under one or more contributor license
    agreements. See the NOTICE file distributed with this work
    for additional information regarding copyright ownership.
    Jasig licenses this file to you under the Apache License,
    Version 2.0 (the "License"); you may not use this file
    except in compliance with the License.  You may obtain a
    copy of the License at the following location:

      http://www.apache.org/licenses/LICENSE-2.0

    Unless required by applicable law or agreed to in writing,
    software distributed under the License is distributed on an
    "AS IS" BASIS, WITHOUT WARRANTIES OR CONDITIONS OF ANY
    KIND, either express or implied.  See the License for the
    specific language governing permissions and limitations
    under the License.

-->
<beans xmlns="http://www.springframework.org/schema/beans"
       xmlns:xsi="http://www.w3.org/2001/XMLSchema-instance"
       xmlns:p="http://www.springframework.org/schema/p"
       xmlns:c="http://www.springframework.org/schema/c"
       xmlns:util="http://www.springframework.org/schema/util"
       xsi:schemaLocation="http://www.springframework.org/schema/beans http://www.springframework.org/schema/beans/spring-beans.xsd
       http://www.springframework.org/schema/util http://www.springframework.org/schema/util/spring-util.xsd">
    <description>
    Controls the generation of the unique identifiers for tickets.  You most likely do not need to modify these.  Though you may need to add
    the SAML ticket id generator.
    </description>
       
	<!-- ID Generators -->
	<bean id="ticketGrantingTicketUniqueIdGenerator" class="org.jasig.cas.util.DefaultUniqueTicketIdGenerator"
        c:maxLength="50" c:suffix="${host.name}" />

	<bean id="serviceTicketUniqueIdGenerator" class="org.jasig.cas.util.DefaultUniqueTicketIdGenerator"
        c:maxLength="20" c:suffix="${host.name}" />

    <bean id="loginTicketUniqueIdGenerator" class="org.jasig.cas.util.DefaultUniqueTicketIdGenerator"
        c:maxLength="30" c:suffix="${host.name}" />
    	
    <bean id="proxy20TicketUniqueIdGenerator" class="org.jasig.cas.util.DefaultUniqueTicketIdGenerator"
        c:maxLength="20" c:suffix="${host.name}" />
	 
	<util:map id="uniqueIdGeneratorsMap">
		<entry
			key="org.jasig.cas.authentication.principal.SimpleWebApplicationServiceImpl"
			value-ref="serviceTicketUniqueIdGenerator" />
	</util:map>

</beans>
